EVTYPE,EVENTTEMP,EVENTPRECIP,EVENTWIND,EVENTELECTRICAL,EVENTFLOOD,EVENTSEAS,EVENT EROSION,EVENTCOMBUSTION
   HIGH SURF ADVISORY,,,,,,HIGH SURF,,
 COASTAL FLOOD,,,,,COASTAL FLOOD,,,
 FLASH FLOOD,,,,,FLASH FLOOD,,,
 LIGHTNING,,,,LIGHTNING,,,,
 TSTM WIND (G45),,THUNDERSTORM,WIND,,,,,
 TSTM WIND,,THUNDERSTORM,WIND,,,,,
 WATERSPOUT,,,,,,WATERSPOUT,,
 WIND,,,WIND,,,,,
?,,,,,,,,
ABNORMAL WARMTH,ABNORMAL WARMTH,,,,,,,
ABNORMALLY DRY,,ABNORMAL DRY,,,,,,
ABNORMALLY WET,,UNESASONABLE WET,,,,,,
ACCUMULATED SNOWFALL,,UNSEASONABLE WET,,,,,,
AGRICULTURAL FREEZE,FREEZE,UNSEASONABLE WET,,,,,,
APACHE COUNTY,,THUNDERSTORM,WIND,,,,,
ASTRONOMICAL HIGH TIDE,,,,,,ASTRONOMICAL HIGH TIDE,,
ASTRONOMICAL LOW TIDE,,,,,,ASTRONOMICAL LOW TIDE,,
AVALANCE,,,,,,,AVALANCHE,
AVALANCHE,,,,,,,AVALANCHE,
BEACH EROSIN,,,,,,,COASTAL EROSION,
BEACH EROSION,,,,,,,COASTAL EROSION,
Beach Erosion,,,,,,,COASTAL EROSION,
BEACH EROSION/COASTAL FLOOD,,,,,COASTAL FLOOD,,COASTAL EROSION,
BEACH FLOOD,,,,,COASTAL FLOOD,,,
BELOW NORMAL PRECIPITATION,,DROUGHT,,,,,,
BITTER WIND CHILL TEM,WIND CHILL,,,,,,,
BITTER WIND CHILL,WIND CHILL,,,,,,,
Black Ice,BLACK ICE,,,,,,,
BLACK ICE,BLACK ICE,,,,,,,
BLIZZARD AND EXTREME WIND CHIL,WIND CHILL,BLIZZARD,,,,,,
BLIZZARD AND HEAVY SNOW,,BLIZZARD,,,,,,
Blizzard Summary,,BLIZZARD,,,,,,
BLIZZARD WEATHER,,BLIZZARD,,,,,,
BLIZZARD,,BLIZZARD,,,,,,
BLIZZARD/FREEZING RAIN,,BLIZZARD,,,,,,
BLIZZARD/HEAVY SNOW,,BLIZZARD,,,,,,
BLIZZARD/HIGH WIND,,BLIZZARD,HIGH WINDS,,,,,
BLIZZARD/WINTER STORM,,BLIZZARD,,,,,,
BLOWING DUST,,BLOWING DUST,,,,,,
BLOWING SNOW & EXTREME WIND CH,WIND CHILL,BLOWING SNOW,,,,,,
BLOWING SNOW- EXTREME,,BLOWING SNOW,,,,,,
Blowing Snow,,BLOWING SNOW,,,,,,
BLOWING SNOW,,BLOWING SNOW,,,,,,
blowing snow,,BLOWING SNOW,,,,,,
BLOWING SNOW/EXTREME WIND CHIL,WIND CHILL,BLOWING SNOW,,,,,,
BLOW-OUT TIDE,,HIGH WIND,,,,,,
BLOW-OUT TIDES,,HIGH WIND,,,,,,
BREAKUP FLOODING,,,,,BREAKUP FLOOD,,,
BRUSH FIRE,,,,,,,,BRUSH FIRE
BRUSH FIRES,,,,,,,,BRUSH FIRE
COASTAL  FLOODING/ERO,,,,,COASTAL FLOOD,,COASTAL EROSION,
COASTAL EROSION,,,,,,,COASTAL EROSION,
Coastal Flood,,,,,COASTAL FLOOD,,,
COASTAL FLOOD,,,,,COASTAL FLOOD,,,
coastal flooding,,,,,COASTAL FLOOD,,,
Coastal Flooding,,,,,COASTAL FLOOD,,,
COASTAL FLOODING,,,,,COASTAL FLOOD,,,
COASTAL FLOODING/EROSION,,,,,COASTAL FLOOD,,COASTAL EROSION,
Coastal Storm,,,,,,COASTAL STORM,,
COASTAL STORM,,,,,,COASTAL STORM,,
COASTAL SURGE,,,,,COASTAL FLOOD,,,
COASTAL/TIDAL FLOOD,,,,,COASTAL FLOOD,HiGH TIDE,,
COASTALFLOOD,,,,,COASTAL FLOOD,,,
COASTALSTORM,,,,,,COASTAL STORM,,
COLD AIR FUNNEL,,COLD AIR TORNADO,,,,,,
COLD AIR FUNNELS,,COLD AIR TORNADO,,,,,,
COLD AIR TORNADO,,COLD AIR TORNADO,,,,,,
Cold and Frost,FROST,,,,,,,
COLD AND FROST,FROST,,,,,,,
COLD AND SNOW,COLD,,,,,,,
COLD AND WET CONDITIONS,COLD,,,,,,,
Cold Temperature,COLD,,,,,,,
COLD TEMPERATURES,COLD,,,,,,,
COLD WAVE,COLD,,,,,,,
COLD WEATHER,COLD,,,,,,,
COLD WIND CHILL TEMPE,WIND CHILL,,,,,,,
Cold,COLD,,,,,,,
COLD,COLD,,,,,,,
COLD/WIND CHILL,WIND CHILL,,,,,,,
COLD/WINDS,WIND CHILL,,,,,,,
COOL AND WET,COOL,,,,,,,
COOL SPELL,COOL,,,,,,,
CSTL FLOODING/EROSION,,,,,COASTAL FLOOD,,COASTAL EROSION,
DAM BREAK,,,,,,,DAM BREAK,
DAM FAILURE,,,,,,,DAM BREAK,
Damaging Freeze,FREEZE,,,,,,,
DAMAGING FREEZE,FREEZE,,,,,,,
DEEP HAIL,,HAIL,,,,,,
DENSE FOG,,FOG,,,,,,
DENSE SMOKE,,,,,,,,SMOKE
DOWNBURST WINDS,,,DOWNBURST,,,,,
DOWNBURST,,,DOWNBURST,,,,,
DRIEST MONTH,,UNSEASONABLE DRY,,,,,,
Drifting Snow,,SNOW,,,,,,
DROUGHT,,DROUGHT,,,,,,
DROUGHT/EXCESSIVE HEA,HEAT,,,,,,,
DROWNING,,,,,FLOOD,,,
DRY CONDITIONS,,DRY,,,,,,
DRY HOT WEATHER,HEAT,,,,,,,
DRY MICROBURST 50,,,MICROBURST,,,,,
DRY MICROBURST 53,,,MICROBURST,,,,,
DRY MICROBURST 58,,,MICROBURST,,,,,
DRY MICROBURST 61,,,MICROBURST,,,,,
DRY MICROBURST 84,,,MICROBURST,,,,,
DRY MICROBURST WINDS,,,MICROBURST,,,,,
DRY MICROBURST,,,MICROBURST,,,,,
DRY MIRCOBURST WINDS,,,MICROBURST,,,,,
DRY PATTERN,,DRY,,,,,,
DRY SPELL,,DRY,,,,,,
DRY WEATHER,,DRY,,,,,,
DRY,,DRY,,,,,,
DRYNESS,,DRY,,,,,,
DUST DEVEL,,DUST DEVIL,,,,,,
DUST DEVIL WATERSPOUT,,DUST DEVIL,,,,WATERSPOUT,,
DUST DEVIL,,DUST DEVIL,,,,,,
Dust Devil,,DUST DEVIL,,,,,,
DUST STORM,,DUST STORM,,,,,,
DUST STORM/HIGH WINDS,,DUST STORM,HIGH WINDS,,,,,
DUSTSTORM,,DUST STORM,,,,,,
EARLY FREEZE,EARLY FROST,,,,,,,
Early Frost,EARLY FROST,,,,,,,
EARLY FROST,EARLY FROST,,,,,,,
EARLY RAIN,,EARLY RAIN,,,,,,
EARLY SNOW,,EARLY SNOW,,,,,,
Early snowfall,,EARLY SNOW,,,,,,
EARLY SNOWFALL,,EARLY SNOW,,,,,,
Erosion/Cstl Flood,,,,,COASTAL FLOOD,,COASTAL EROSION,
Excessive Cold,COLD,,,,,,,
EXCESSIVE HEAT,HEAT,DROUGHT,,,,,,
EXCESSIVE HEAT/DROUGHT,HEAT,DROUGHT,,,,,,
EXCESSIVE PRECIPITATI,,EXCESSIVE PRECIPITATION,,,,,,
EXCESSIVE RAIN,,EXCESSIVE RAIN,,,,,,
EXCESSIVE RAINFALL,,EXCESSIVE RAIN,,,,,,
EXCESSIVE SNOW,,EXCESSIVE SNOW,,,,,,
EXCESSIVE WETNESS,,WET,,,,,,
EXCESSIVE,,DRY,,,,,,
EXCESSIVELY DRY,,DRY,,,,,,
Extended Cold,COLD,,,,,,,
Extreme Cold,COLD,,,,,,,
EXTREME COLD,COLD,,,,,,,
EXTREME COLD/WIND CHI,WIND CHILL,,,,,,,
EXTREME HEAT,HEAT,,,,,,,
EXTREME WIND CHILL,WIND CHILL,,,,,,,
EXTREME WIND CHILL/BL,WIND CHILL,,,,,,,
EXTREME WIND CHILLS,WIND CHILL,,,,,,,
EXTREME WINDCHILL TEM,WIND CHILL,,,,,,,
EXTREME WINDCHILL,WIND CHILL,,,,,,,
EXTREME/RECORD COLD,COLD,,,,,,,
EXTREMELY WET,,WET,,,,,,
FALLING SNOW/ICE,,SNOW,,,,,,
FIRST FROST,,FROST,,,,,,
FIRST SNOW,,SNOW,,,,,,
FLASH FLOOD - HEAVY RAIN,,HEAVY RAIN,,,FLASH FLOOD,,,
FLASH FLOOD FROM ICE JAMS,,,,,FLASH FLOOD,,ICE JAM,
FLASH FLOOD LANDSLIDE,,,,,FLASH FLOOD,,LANDSLIDE,
FLASH FLOOD WINDS,,,WIND,,FLASH FLOOD,,,
FLASH FLOOD,,,,,FLASH FLOOD,,,
FLASH FLOOD/ FLOOD,,,,,FLASH FLOOD,,,
FLASH FLOOD/ STREET,,,,,FLASH FLOOD,,,
FLASH FLOOD/,,,,,FLASH FLOOD,,,
FLASH FLOOD/FLOOD,,,,,FLASH FLOOD,,,
FLASH FLOOD/HEAVY RAI,,HEAVY RAIN,,,FLASH FLOOD,,,
FLASH FLOOD/LANDSLIDE,,,,,FLASH FLOOD,,LANDSLIDE,
FLASH FLOODING,,,,,FLASH FLOOD,,,
FLASH FLOODING/FLOOD,,THUNDERSTORM,,,FLASH FLOOD,,,
FLASH FLOODING/THUNDERSTORM WI,,THUNDERSTORM,WIND,,FLASH FLOOD,,,
FLASH FLOODS,,,,,FLASH FLOOD,,,
FLASH FLOOODING,,,,,FLASH FLOOD,,,
FLOOD & HEAVY RAIN,,HEAVY RAIN,,,FLOOD,,,
FLOOD FLASH,,,,,FLASH FLOOD,,,
FLOOD FLOOD/FLASH,,,,,FLASH FLOOD,,,
FLOOD WATCH/,,,,,FLOOD,,,
Flood,,,,,FLOOD,,,
FLOOD,,,,,FLASH FLOOD,,,
Flood/Flash Flood,,,,,FLASH FLOOD,,,
FLOOD/FLASH FLOOD,,,,,FLASH FLOOD,,,
FLOOD/FLASH FLOODING,,,,,FLASH FLOOD,,,
FLOOD/FLASH,,,,,FLASH FLOOD,,,
FLOOD/FLASH/FLOOD,,,,,FLASH FLOOD,,,
FLOOD/FLASHFLOOD,,,,,FLASH FLOOD,,,
FLOOD/RAIN/WIND,,RAIN,WIND,,FLOOD,,,
FLOOD/RAIN/WINDS,,RAIN,WIND,,FLOOD,,,
FLOOD/RIVER FLOOD,,,,,RIVER FLOOD,,,
Flood/Strong Wind,,,WIND,,FLOOD,,,
FLOODING,,,,,FLOOD,,,
FLOODING/HEAVY RAIN,,HEAVY RAIN,,,FLOOD,,,
FLOODS,,,,,FLOOD,,,
FOG AND COLD TEMPERAT,COLD,FOG,,,,,,
FOG,,FOG,,,,,,
FOREST FIRES,,,,,,,,FOREST FIRE
Freeze,FREEZE,,,,,,,
FREEZE,FREEZE,,,,,,,
FREEZING DRIZZLE AND FREEZING,FREEZE,FREEZING DRIZZLE,,,,,,
Freezing drizzle,,FREEZING DRIZZLE,,,,,,
Freezing Drizzle,,FREEZING DRIZZLE,,,,,,
FREEZING DRIZZLE,,FREEZING DRIZZLE,,,,,,
Freezing Fog,,FREEZING FOG,,,,,,
FREEZING FOG,,FREEZING FOG,,,,,,
FREEZING RAIN AND SLEET,,FREEZING RAIN,,,,,,
FREEZING RAIN AND SNOW,,FREEZING RAIN,,,,,,
FREEZING RAIN SLEET A,,SLEET,,,,,,
FREEZING RAIN SLEET AND LIGHT,COLD,SLEET,,LIGHTNING,,,,
Freezing rain,,FREEZING RAIN,,,,,,
Freezing Rain,,FREEZING RAIN,,,,,,
FREEZING RAIN,,FREEZING RAIN,,,,,,
FREEZING RAIN/SLEET,,SLEET,,,,,,
FREEZING RAIN/SNOW,,FREEZING RAIN,,,,,,
Freezing Spray,,,,,,FREEZING SPRAY,,
Frost,FROST,,,,,,,
FROST,FROST,,,,,,,
Frost/Freeze,FROST,,,,,,,
FROST/FREEZE,FROST,,,,,,,
FROST\\FREEZE,FROST,,,,,,,
Funnel Cloud,,,TORNADO,,,,,
FUNNEL CLOUD,,,TORNADO,,,,,
FUNNEL CLOUD.,,,TORNADO,,,,,
FUNNEL CLOUD/HAIL,,HAIL,TORNADO,,,,,
FUNNEL CLOUDS,,,TORNADO,,,,,
FUNNEL,,,TORNADO,,,,,
FUNNELS,,,TORNADO,,,,,
GLAZE ICE,GLAZE ICE,,,,,,,
Glaze,GLAZE ICE,,,,,,,
GLAZE,GLAZE ICE,,,,,,,
GLAZE/ICE STORM,GLAZE ICE,ICE STORM,,,,,,
Gradient wind,,,GRADIENT WIND,,,,,
GRADIENT WIND,,,GRADIENT WIND,,,,,
gradient wind,,,GRADIENT WIND,,,,,
GRADIENT WINDS,,,GRADIENT WIND,,,,,
GRASS FIRES,,,,,,,,GRASS FIRE
GROUND BLIZZARD,,BLIZZARD,,,,,,
GUSTNADO AND,,,GUSTNADO,,,,,
GUSTNADO,,,GUSTNADO,,,,,
GUSTY LAKE WIND,,,GUSTS,,,,,
GUSTY THUNDERSTORM WI,,THUNDERSTORM,GUSTS,,,,,
GUSTY THUNDERSTORM WINDS,,THUNDERSTORM,GUSTS,,,,,
Gusty Wind,,,GUSTS,,,,,
GUSTY WIND,,,GUSTS,,,,,
GUSTY WIND/HAIL,,HAIL,GUSTS,,,,,
GUSTY WIND/HVY RAIN,,HEAVY RAIN,GUSTS,,,,,
Gusty wind/rain,,RAIN,GUSTS,,,,,
Gusty winds,,,GUSTS,,,,,
Gusty Winds,,,GUSTS,,,,,
GUSTY WINDS,,,GUSTS,,,,,
HAIL 0.75,,HAIL,,,,,,
HAIL 0.88,,HAIL,,,,,,
HAIL 075,,HAIL,,,,,,
HAIL 088,,HAIL,,,,,,
HAIL 1.00,,HAIL,,,,,,
HAIL 1.75,,HAIL,,,,,,
HAIL 1.75),,HAIL,,,,,,
HAIL 100,,HAIL,,,,,,
HAIL 125,,HAIL,,,,,,
HAIL 150,,HAIL,,,,,,
HAIL 175,,HAIL,,,,,,
HAIL 200,,HAIL,,,,,,
HAIL 225,,HAIL,,,,,,
HAIL 275,,HAIL,,,,,,
HAIL 450,,HAIL,,,,,,
HAIL 75,,HAIL,,,,,,
HAIL 80,,HAIL,,,,,,
HAIL 88,,HAIL,,,,,,
HAIL ALOFT,,HAIL,,,,,,
HAIL DAMAGE,,HAIL,,,,,,
HAIL FLOODING,,HAIL,,,FLOOD,,,
HAIL STORM,,HAIL,,,,,,
HAIL,,HAIL,,,,,,
Hail(0.75),,HAIL,,,,,,
HAIL/ICY ROADS,,HAIL,,,,,,
HAIL/WIND,,HAIL,WIND,,,,,
HAIL/WINDS,,HAIL,WIND,,,,,
HAILSTORM,,HAIL,,,,,,
HAILSTORMS,,HAIL,,,,,,
HARD FREEZE,FREEZE,,,,,,,
HAZARDOUS SURF,,,,,,HIGH SURF,,
HEAT DROUGHT,HEAT,DROUGHT,,,,,,
HEAT WAVE DROUGHT,HEAT,DROUGHT,,,,,,
Heat Wave,HEAT,,,,,,,
HEAT WAVE,HEAT,,,,,,,
HEAT WAVES,HEAT,,,,,,,
HEAT,HEAT,,,,,,,
HEAT/DROUGHT,HEAT,DROUGHT,,,,,,
Heatburst,HEAT,,,,,,,
HEAVY LAKE SNOW,,LAKE EFFECT SNOW,,,,,,
HEAVY MIX,,HEAVY MIX,,,,,,
HEAVY PRECIPATATION,,HEAVY PERCIPITATION,,,,,,
Heavy Precipitation,,HEAVY PERCIPITATION,,,,,,
HEAVY PRECIPITATION,,HEAVY PERCIPITATION,,,,,,
HEAVY RAIN AND FLOOD,,HEAVY RAIN,,,FLOOD,,,
Heavy Rain and Wind,,HEAVY RAIN,WIND,,,,,
HEAVY RAIN EFFECTS,,HEAVY RAIN,,,,,,
Heavy Rain,,HEAVY RAIN,,,,,,
HEAVY RAIN,,HEAVY RAIN,,,,,,
Heavy rain,,HEAVY RAIN,,,,,,
HEAVY RAIN/FLOODING,,HEAVY RAIN,,,FLOOD,,,
Heavy Rain/High Surf,,HEAVY RAIN,,,,HIGH SURF,,
HEAVY RAIN/LIGHTNING,,HEAVY RAIN,,LIGHTNING,,,,
HEAVY RAIN/MUDSLIDES/,,HEAVY RAIN,,,,,MUDSLIDE,
HEAVY RAIN/SEVERE WEATHER,,HEAVY RAIN,,,,,,
HEAVY RAIN/SMALL STREAM URBAN,,HEAVY RAIN,,,URBAN FLOOD,,,
HEAVY RAIN/SNOW,,HEAVY RAIN,,,,,,
HEAVY RAIN/URBAN FLOOD,,HEAVY RAIN,,,FLOOD,,,
HEAVY RAIN/WIND,,HEAVY RAIN,WIND,,,,,
HEAVY RAIN; URBAN FLO,,HEAVY RAIN,,,URBAN FLOOD,,,
HEAVY RAINFALL,,HEAVY RAIN,,,,,,
HEAVY RAINS,,HEAVY RAIN,,,,,,
HEAVY RAINS/FLOODING,,HEAVY RAIN,,,FLOOD,,,
HEAVY SEAS,,,,,,HEAVY SEAS,,
HEAVY SHOWER,,HEAVY RAIN,,,,,,
HEAVY SHOWERS,,HEAVY RAIN,,,,,,
HEAVY SNOW   FREEZING,FREEZE,HEAVY SNOW,,,,,,
HEAVY SNOW & ICE,FREEZE,HEAVY SNOW,,,,,,
HEAVY SNOW AND HIGH W,,HEAVY SNOW,WiND,,,,,
HEAVY SNOW AND ICE STORM,,HEAVY SNOW,WiND,,,,,
HEAVY SNOW AND ICE,,HEAVY SNOW,,,,,,
HEAVY SNOW AND STRONG,,HEAVY SNOW,WiND,,,,,
HEAVY SNOW AND,,HEAVY SNOW,WiND,,,,,
HEAVY SNOW ANDBLOWING SNOW,,HEAVY SNOW,WiND,,,,,
Heavy snow shower,,HEAVY SNOW,,,,,,
HEAVY SNOW SQUALLS,,HEAVY SNOW,,,,,,
HEAVY SNOW,,HEAVY SNOW,,,,,,
HEAVY SNOW/BLIZZARD,,BLIZZARD,,,,,,
HEAVY SNOW/BLIZZARD/AVALANCHE,,BLIZZARD,,,,,AVALANCHE,
HEAVY SNOW/BLOWING SN,,HEAVY SNOW,,,,,,
HEAVY SNOW/FREEZING RAIN,FREEZE,HEAVY SNOW,,,,,,
HEAVY SNOW/HIGH WIND,,HEAVY SNOW,HIGH WINDS,,,,,
HEAVY SNOW/HIGH WINDS,,HEAVY SNOW,HIGH WINDS,,,,,
HEAVY SNOW/HIGH WINDS & FLOOD,,HEAVY SNOW,HIGH WINDS,,FLOOD,,,
HEAVY SNOW/HIGH WINDS,,HEAVY SNOW,HIGH WINDS,,,,,
HEAVY SNOW/HIGH,,HEAVY SNOW,HIGH WINDS,,,,,
HEAVY SNOW/ICE STORM,,HEAVY SNOW,,,,,,
HEAVY SNOW/ICE,,HEAVY SNOW,,,,,,
HEAVY SNOW/SLEET,,HEAVY SNOW,,,,,,
HEAVY SNOW/SQUALLS,,HEAVY SNOW,,,,,,
HEAVY SNOW/WIND,,HEAVY SNOW,WiND,,,,,
HEAVY SNOW/WINTER STO,,HEAVY SNOW,,,,,,
HEAVY SNOWPACK,,,,,,,HEAVY SNOWPACK,
HEAVY SNOW-SQUALLS,,HEAVY SNOW,,,,,,
Heavy surf and wind,,,HIGH WINDS,,,HIGH SURF,,
HEAVY SURF COASTAL FLOODING,,,,,COASTAL FLOOD,HEAVY SURF,,
Heavy Surf,,,,,,HEAVY SURF,,
HEAVY SURF,,,,,,HEAVY SURF,,
HEAVY SURF/HIGH SURF,,,,,,HIGH SURF,,
HEAVY SWELLS,,,,,,HEAVY SURF,,
HEAVY WET SNOW,,HEAVY SNOW,,,,,,
HIGH  SWELLS,,,,,,HIGH SURF,,
HIGH  WINDS,,,HIGH WINDS,,,,,
HIGH SEAS,,,,,,HiGH SEAS,,
HIGH SURF ADVISORIES,,,,,,HIGH SURF,,
HIGH SURF ADVISORY,,,,,,HIGH SURF,,
High Surf,,,,,,HIGH SURF,,
HIGH SURF,,,,,,HIGH SURF,,
HIGH SWELLS,,,,,,HIGH SURF,,
HIGH TEMPERATURE RECO,HEAT,,,,,,,
HIGH TIDES,,,,,,HIGH TIDE,,
HIGH WATER,,,,,HiGH WATER,,,
HIGH WAVES,,,,,,HIGH SURF,,
HIGH WIND (G40),,,HIGH WINDS,,,,,
HIGH WIND 48,,,HIGH WINDS,,,,,
HIGH WIND 63,,,HIGH WINDS,,,,,
HIGH WIND 70,,,HIGH WINDS,,,,,
HIGH WIND AND HEAVY SNOW,,HEAVY SNOW,HIGH WINDS,,,,,
HIGH WIND AND HIGH TIDES,,,HIGH WINDS,,,HIGH TIDE,,
HIGH WIND AND SEAS,,,HIGH WINDS,,,HIGH SEAS,,
HIGH WIND DAMAGE,,,HIGH WINDS,,,,,
High Wind,,,HIGH WINDS,,,,,
HIGH WIND,,,HIGH WINDS,,,,,
HIGH WIND/ BLIZZARD,,BLIZZARD,HIGH WINDS,,,,,
HIGH WIND/BLIZZARD,,BLIZZARD,HIGH WINDS,,,,,
HIGH WIND/BLIZZARD/FREEZING RA,,BLIZZARD,HIGH WINDS,,,,,
HIGH WIND/HEAVY SNOW,,HEAVY SNOW,HIGH WINDS,,,,,
HIGH WIND/LOW WIND CH,WIND CHILL,,HIGH WINDS,,,,,
HIGH WIND/SEAS,,,,,,HIGH SEAS,,
HIGH WIND/WIND CHILL,WIND CHILL,,HIGH WINDS,,,,,
HIGH WIND/WIND CHILL/,WIND CHILL,,HIGH WINDS,,,,,
HIGH WINDS 55,,,HIGH WINDS,,,,,
HIGH WINDS 57,,,HIGH WINDS,,,,,
HIGH WINDS 58,,,HIGH WINDS,,,,,
HIGH WINDS 63,,,HIGH WINDS,,,,,
HIGH WINDS 66,,,HIGH WINDS,,,,,
HIGH WINDS 67,,,HIGH WINDS,,,,,
HIGH WINDS 73,,,HIGH WINDS,,,,,
HIGH WINDS 76,,,HIGH WINDS,,,,,
HIGH WINDS 80,,,HIGH WINDS,,,,,
HIGH WINDS 82,,,HIGH WINDS,,,,,
HIGH WINDS AND WIND C,,,HIGH WINDS,,,,,
HIGH WINDS DUST STORM,,DUST STORM,HIGH WINDS,,,,,
HIGH WINDS HEAVY RAINS,,,HIGH WINDS,,,,,
HIGH WINDS,,,HIGH WINDS,,,,,
HIGH WINDS/,,,HIGH WINDS,,,,,
HIGH WINDS/COASTAL FLOOD,,,HIGH WINDS,,COASTAL FLOOD,,,
HIGH WINDS/COLD,COLD,,HIGH WINDS,,,,,
HIGH WINDS/FLOODING,,,HIGH WINDS,,FLOOD,,,
HIGH WINDS/HEAVY RAIN,,HEAVY RAIN,HIGH WINDS,,,,,
HIGH WINDS/SNOW,,SNOW,HIGH WINDS,,,,,
HIGH,,,HIGH WINDS,,,,,
HIGHWAY FLOODING,,,,,HIGHWAY FLOOD,,,
Hot and Dry,HEAT,DRY,,,,,,
HOT PATTERN,HEAT,,,,,,,
HOT SPELL,HEAT,,,,,,,
HOT WEATHER,HEAT,,,,,,,
HOT/DRY PATTERN,HEAT,DRY,,,,,,
Hurricane Edouard,,,HURRICANE,,,,,
HURRICANE EMILY,,,HURRICANE,,,,,
HURRICANE ERIN,,,HURRICANE,,,,,
HURRICANE FELIX,,,HURRICANE,,,,,
HURRICANE GORDON,,,HURRICANE,,,,,
HURRICANE OPAL,,,HURRICANE,,,,,
HURRICANE OPAL/HIGH WINDS,,,HURRICANE,,,,,
HURRICANE,,,HURRICANE,,,,,
HURRICANE/TYPHOON,,,HURRICANE,,,,,
HURRICANE-GENERATED SWELLS,,,,,,HURRICANE-GENERATED SWELLS,,
HVY RAIN,,HEAVY RAIN,,,,,,
HYPERTHERMIA/EXPOSURE,HYPERTHERMIA,,,,,,,
HYPOTHERMIA,HYPOTHERMIA,,,,,,,
Hypothermia/Exposure,HYPOTHERMIA,,,,,,,
HYPOTHERMIA/EXPOSURE,HYPOTHERMIA,,,,,,,
ICE AND SNOW,,SNOW,,,,,,
ICE FLOES,,,,,,ICE FLOES,,
Ice Fog,,ICE FOG,,,,,,
Ice jam flood (minor,,,,,FLOOD,,ICE JAM,
ICE JAM FLOODING,,,,,FLOOD,,ICE JAM,
ICE JAM,,,,,,,ICE JAM,
ICE ON ROAD,ICY ROAD,,,,,,,
ICE PELLETS,,HAIL,,,,,,
ICE ROADS,ICY ROAD,,,,,,,
ICE STORM AND SNOW,,ICE STORM,,,,,,
ICE STORM,,ICE STORM,,,,,,
ICE STORM/FLASH FLOOD,,ICE STORM,,,FLASH FLOOD,,,
ICE,,ICE STORM,,,,,,
Ice/Snow,,ICE STORM,,,,,,
ICE/SNOW,,ICE STORM,,,,,,
ICE/STRONG WINDS,,ICE STORM,HIGH WINDS,,,,,
Icestorm/Blizzard,,BLIZZARD,,,,,,
Icy Roads,ICY ROAD,,,,,,,
ICY ROADS,ICY ROAD,,,,,,,
LACK OF SNOW,,LACK OF SNOW,,,,,,
LAKE EFFECT SNOW,,LAKE EFFECT SNOW,,,,,,
Lake Effect Snow,,LAKE EFFECT SNOW,,,,,,
LAKE FLOOD,,,,,LAKE FLOOD,,,
LAKE-EFFECT SNOW,,LAKE EFFECT SNOW,,,,,,
LAKESHORE FLOOD,,,,,LAKE FLOOD,,,
LANDSLIDE,,,,,,,LANDSLIDE,
LANDSLIDE/URBAN FLOOD,,,,,URBAN FLOOD,,LANDSLIDE,
LANDSLIDES,,,,,,,LANDSLIDE,
Landslump,,,,,,,LANDSLUMP,
LANDSLUMP,,,,,,,LANDSLUMP,
LANDSPOUT,,,,,,LANDSPOUT,,
LARGE WALL CLOUD,,THUNDERSTORM,,,,,,
LATE FREEZE,LATE FREEZE,,,,,,,
LATE SEASON HAIL,,LATE SEASON HAIL,,,,,,
LATE SEASON SNOW,,LATE SEASON SNOW,,,,,,
Late Season Snowfall,,LATE SEASON SNOW,,,,,,
LATE SNOW,,LATE SEASON SNOW,,,,,,
Late-season Snowfall,,LATE SEASON SNOW,,,,,,
LIGHT FREEZING RAIN,COLD,FREEZING RAIN,,,,,,
LIGHT SNOW AND SLEET,,SLEET,,,,,,
Light Snow,,SNOW,,,,,,
LIGHT SNOW,,SNOW,,,,,,
Light snow,,SNOW,,,,,,
Light Snow/Flurries,,SNOW,,,,,,
LIGHT SNOW/FREEZING PRECIP,,SNOW,,,,,,
Light Snowfall,,SNOW,,,,,,
LIGHTING,,,,LIGHTNING,,,,
LIGHTNING  WAUSEON,,,,LIGHTNING,,,,
LIGHTNING AND HEAVY RAIN,,HEAVY RAIN,,LIGHTNING,,,,
LIGHTNING AND THUNDERSTORM WIN,,THUNDERSTORM,WIND,LIGHTNING,,,,
LIGHTNING AND WINDS,,,,LIGHTNING,,,,
LIGHTNING DAMAGE,,,,LIGHTNING,,,,
LIGHTNING FIRE,,,,LIGHTNING,,,,
LIGHTNING INJURY,,,,LIGHTNING,,,,
LIGHTNING THUNDERSTORM WINDS,,THUNDERSTORM,WIND,LIGHTNING,,,,
LIGHTNING THUNDERSTORM WINDSS,,THUNDERSTORM,WIND,LIGHTNING,,,,
LIGHTNING,,,,LIGHTNING,,,,
LIGHTNING.,,,,LIGHTNING,,,,
LIGHTNING/HEAVY RAIN,,HEAVY RAIN,,LIGHTNING,,,,
LIGNTNING,,,,LIGHTNING,,,,
LOCAL FLASH FLOOD,,,,,FLASH FLOOD,,,
LOCAL FLOOD,,,,,FLOOD,,,
LOCALLY HEAVY RAIN,,HEAVY RAIN,,,,,,
LOW TEMPERATURE RECORD,COLD,,,,,,,
LOW TEMPERATURE,COLD,,,,,,,
LOW WIND CHILL,WIND CHILL,,,,,,,
MAJOR FLOOD,,,,,FLOOD,,,
Marine Accident,,,,,,HIGH SEAS,,
MARINE HAIL,,HAIL,,,,MARINE HAIL,,
MARINE HIGH WIND,,,,,,MARINE HIGH WINDS,,
MARINE MISHAP,,,,,,MARINE ICING,,
MARINE STRONG WIND,,,,,,MARINE HIGH WINDS,,
MARINE THUNDERSTORM W,,,,,,MARINE THUNDERSTORM,,
MARINE TSTM WIND,,THUNDERSTORM,WIND,,,MARINE THUNDERSTORM,,
"Metro Storm, May 26",,THUNDERSTORM,WIND,,,,,
MICROBURST WINDS,,,MICROBURST,,,,,
MICROBURST,,,MICROBURST,,,,,
Microburst,,,MICROBURST,,,,,
Mild and Dry Pattern,MILD,DRY,,,,,,
MILD PATTERN,MILD,DRY,,,,,,
MILD/DRY PATTERN,MILD,DRY,,,,,,
MINOR FLOOD,,,,,FLOOD,,,
Minor Flooding,,,,,FLOOD,,,
MINOR FLOODING,,,,,FLOOD,,,
MIXED PRECIP,,MIXED,,,,,,
Mixed Precipitation,,MIXED,,,,,,
MIXED PRECIPITATION,,MIXED,,,,,,
MODERATE SNOW,,SNOW,,,,,,
MODERATE SNOWFALL,,SNOW,,,,,,
MONTHLY PRECIPITATION,,MONTHLY RAIN,,,,,,
MONTHLY RAINFALL,,MONTHLY RAIN,,,,,,
Monthly Rainfall,,MONTHLY RAIN,,,,,,
Monthly Snowfall,,MONTHLY SNOW,,,,,,
MONTHLY SNOWFALL,,MONTHLY SNOW,,,,,,
MONTHLY TEMPERATURE,MONTHLY TEMPERATURE,,,,,,,
Mountain Snows,,MOUNTAIN SNOW,,,,,,
MUD SLIDE,,,,,,,MUDSLIDE,
MUD SLIDES URBAN FLOODING,,,,,URBAN FLOOD,,MUDSLIDE,
MUD SLIDES,,,,,,,MUDSLIDE,
MUD/ROCK SLIDE,,,,,,,MUDSLIDE,
Mudslide,,,,,,,MUDSLIDE,
MUDSLIDE,,,,,,,MUDSLIDE,
MUDSLIDE/LANDSLIDE,,,,,,,MUDSLIDE,
Mudslides,,,,,,,MUDSLIDE,
MUDSLIDES,,,,,,,MUDSLIDE,
NEAR RECORD SNOW,,RECORD SNOW,,,,,,
No Severe Weather,,,,,,,,
NON SEVERE HAIL,,HAIL,,,,,,
NON TSTM WIND,,,WIND,,,,,
NONE,,,,,,,,
NON-SEVERE WIND DAMAGE,,,WIND,,,,,
NON-TSTM WIND,,,WIND,,,,,
NORMAL PRECIPITATION,,NORMAL PRECIPITATION,,,,,,
NORTHERN LIGHTS,,,,NORTHERN LIGHTS,,,,
OTHER,,OTHER,,,,,,
Other,,OTHER,,,,,,
PATCHY DENSE FOG,,FOG,,,,,,
PATCHY ICE,PATHCY ICE,,,,,,,
Prolong Cold,PROLONGED COLD,,,,,,,
PROLONG COLD,PROLONGED COLD,,,,,,,
PROLONG COLD/SNOW,PROLONGED COLD,SNOW,,,,,,
PROLONG WARMTH,PROLONGED WARMTH,,,,,,,
PROLONGED RAIN,,PROLONGED RAIN,,,,,,
RAIN (HEAVY),,HEAVY RAIN,,,,,,
RAIN AND WIND,,RAIN,WIND,,,,,
Rain Damage,,RAIN,,,,,,
RAIN,,RAIN,,,,,,
RAIN/SNOW,,RAIN,,,,,,
RAIN/WIND,,RAIN,WIND,,,,,
RAINSTORM,,RAIN,,,,,,
RAPIDLY RISING WATER,,,,,RAPIDLY RISING WATER,,,
RECORD  COLD,RECORD COLD,,,,,,,
RECORD COLD AND HIGH WIND,RECORD COLD,,,,,,,
RECORD COLD,RECORD COLD,,,,,,,
Record Cold,RECORD COLD,,,,,,,
RECORD COLD/FROST,RECORD COLD,,,,,,,
RECORD COOL,RECORD COLD,,,,,,,
Record dry month,,RECORD DRY,,,,,,
RECORD DRYNESS,,RECORD DRY,,,,,,
RECORD HEAT WAVE,RECORD HEAT,,,,,,,
Record Heat,RECORD HEAT,,,,,,,
RECORD HEAT,RECORD HEAT,,,,,,,
RECORD HIGH TEMPERATU,RECORD HEAT,,,,,,,
RECORD HIGH TEMPERATURES,RECORD HEAT,,,,,,,
Record High,RECORD HEAT,,,,,,,
RECORD HIGH,,,RECORD HIGH PRESSURE,,,,,
RECORD LOW RAINFALL,,RECORD LOW RAINFALL,,,,,,
RECORD LOW,,,RECORD LOW PRESSURE,,,,,
Record May Snow,,RECORD SNOW,,,,,,
RECORD PRECIPITATION,,RECORD PRECIPITATION,,,,,,
RECORD RAINFALL,,RECORD RAIN,,,,,,
RECORD SNOW,,RECORD SNOW,,,,,,
RECORD SNOW/COLD,RECORD COLD,RECORD SNOW,,,,,,
RECORD SNOWFALL,,RECORD SNOW,,,,,,
Record temperature,RECORD HEAT,,,,,,,
RECORD TEMPERATURE,RECORD HEAT,,,,,,,
RECORD TEMPERATURES,RECORD HEAT,,,,,,,
Record Temperatures,RECORD HEAT,,,,,,,
RECORD WARM TEMPS.,RECORD HEAT,,,,,,,
RECORD WARM,RECORD HEAT,,,,,,,
Record Warmth,RECORD HEAT,,,,,,,
RECORD WARMTH,RECORD HEAT,,,,,,,
Record Winter Snow,,RECORD SNOW,,,,,,
RECORD/EXCESSIVE HEAT,RECORD HEAT,,,,,,,
RECORD/EXCESSIVE RAINFALL,,RECORD RAIN,,,,,,
RED FLAG CRITERIA,,,,,,,,RED FLAG WEATHER
RED FLAG FIRE WX,,,,,,,,RED FLAG WEATHER
REMNANTS OF FLOYD,,HURRICAN,,,,,,
RIP CURRENT,,,,,,RIP CURRENT,,
RIP CURRENTS HEAVY SURF,,,,,,HEAVY SURF,,
RIP CURRENTS,,,,,,RIP CURRENT,,
RIP CURRENTS/HEAVY SU,,,,,,RIP CURRENT,,
RIVER AND STREAM FLOOD,,,,,RIVER FLOOD,,,
RIVER FLOOD,,,,,RIVER FLOOD,,,
RIVER FLOODING,,,,,RIVER FLOOD,,,
River Flooding,,,,,RIVER FLOOD,,,
ROCK SLIDE,,,,,,,ROCK SLIDE,
ROGUE WAVE,,,,,,ROGUE WAVE,,
ROTATING WALL CLOUD,,TORNADO,,,,,,
ROUGH SEAS,,,,,,ROUGH SEAS,,
ROUGH SURF,,,,,,ROUGH SURF,,
RURAL FLOOD,,,,,URBAN FLOOD,,,
Saharan Dust,,SAHARAN DUST,,,,,,
SAHARAN DUST,,SAHARAN DUST,,,,,,
Seasonal Snowfall,,SEASONAL SNOW,,,,,,
SEICHE,,,,,,SEICHE,,
SEVERE COLD,COLD,,,,,,,
SEVERE THUNDERSTORM WINDS,,THUNDERSTORM,WIND,,,,,
SEVERE THUNDERSTORM,,THUNDERSTORM,,,,,,
SEVERE THUNDERSTORMS,,THUNDERSTORM,,,,,,
SEVERE TURBULENCE,,,TURBULENCE,,,,,
SLEET & FREEZING RAIN,,SLEET,,,,,,
SLEET STORM,,SLEET,,,,,,
SLEET,,SLEET,,,,,,
SLEET/FREEZING RAIN,,SLEET,,,,,,
SLEET/ICE STORM,,SLEET,,,,,,
SLEET/RAIN/SNOW,,SLEET,,,,,,
SLEET/SNOW,,SLEET,,,,,,
Small Hail,,HAIL,,,,,,
SMALL HAIL,,HAIL,,,,,,
small hail,,HAIL,,,,,,
SMALL STREAM AND URBA,,,,,URBAN FLOOD,,,
SMALL STREAM AND URBAN FLOOD,,,,,URBAN FLOOD,,,
SMALL STREAM AND,,,,,STREAM FLOOD,,,
SMALL STREAM FLOOD,,,,,STREAM FLOOD,,,
SMALL STREAM FLOODING,,,,,STREAM FLOOD,,,
SMALL STREAM URBAN FL,,,,,URBAN FLOOD,,,
SMALL STREAM,,,,,STREAM FLOOD,,,
SMALL STREAM/URBAN FLOOD,,,,,URBAN FLOOD,,,
Sml Stream Fld,,,,,STREAM FLOOD,,,
SMOKE,,,,,,,,SMOKE
Snow Accumulation,,SNOW ACCUMULATION,,,,,,
SNOW ACCUMULATION,,SNOW ACCUMULATION,,,,,,
SNOW ADVISORY,,SNOW ADVISORY,,,,,,
SNOW AND COLD,COLD,SNOW,,,,,,
SNOW AND HEAVY SNOW,,SNOW,,,,,,
SNOW AND ICE STORM,,SNOW,,,,,,
SNOW AND ICE,,SNOW,,,,,,
Snow and Ice,,SNOW,,,,,,
SNOW AND SLEET,,SNOW,,,,,,
Snow and sleet,,SNOW,,,,,,
SNOW AND WIND,,SNOW,WIND,,,,,
SNOW DROUGHT,,SNOW DROUGHT,,,,,,
SNOW FREEZING RAIN,,FREEZING RAIN,,,,,,
SNOW- HIGH WIND- WIND,,SNOW,HIGH WINDS,,,,,
SNOW SHOWERS,,SNOW,,,,,,
SNOW SLEET,,SLEET,,,,,,
SNOW SQUALL,,SNOW,,,,,,
SNOW SQUALLS,,SNOW,,,,,,
Snow squalls,,SNOW,,,,,,
Snow Squalls,,SNOW,,,,,,
Snow,,SNOW,,,,,,
SNOW,,SNOW,,,,,,
SNOW/ BITTER COLD,COLD,SNOW,,,,,,
SNOW/ ICE,,SNOW,,,,,,
SNOW/BLOWING SNOW,,SNOW,,,,,,
SNOW/COLD,COLD,SNOW,,,,,,
SNOW/FREEZING RAIN,,FREEZING RAIN,,,,,,
SNOW/HEAVY SNOW,,HEAVY SNOW,,,,,,
SNOW/HIGH WINDS,,SNOW,HIGH WINDS,,,,,
SNOW/ICE STORM,,SNOW,,,,,,
SNOW/ICE,,SNOW,,,,,,
SNOW/RAIN,,SNOW,,,,,,
SNOW/RAIN/SLEET,,SLEET,,,,,,
SNOW/SLEET,,SLEET,,,,,,
SNOW/SLEET/FREEZING RAIN,,SLEET,,,,,,
SNOW/SLEET/RAIN,,SLEET,,,,,,
SNOW\\COLD,COLD,SNOW,,,,,,
SNOWFALL RECORD,,RECORD SNOW,,,,,,
SNOWMELT FLOODING,,,,,SNOWMELT FLOOD,,,
SNOWSTORM,,SNOW,,,,,,
SOUTHEAST,,,,,,,,
STORM FORCE WINDS,,,HIGH WINDS,,,,,
STORM SURGE,,,,,,STORM SURGE,,
STORM SURGE/TIDE,,,,,,STORM SURGE,,
STREAM FLOODING,,,,,STREAM FLOOD,,,
STREET FLOOD,,,,,STREET FLOOD,,,
STREET FLOODING,,,,,STREET FLOOD,,,
STRONG WIND GUST,,,STRONG WIND GUST,,,,,
STRONG WIND,,,WIND,,,,,
Strong Wind,,,WIND,,,,,
Strong Winds,,,WIND,,,,,
STRONG WINDS,,,WIND,,,,,
Strong winds,,,WIND,,,,,
Summary August 10,,,,,,,,
Summary August 11,,,,,,,,
Summary August 17,,,,,,,,
Summary August 21,,,,,,,,
Summary August 2-3,,,,,,,,
Summary August 28,,,,,,,,
Summary August 4,,,,,,,,
Summary August 7,,,,,,,,
Summary August 9,,,,,,,,
Summary Jan 17,,,,,,,,
Summary July 23-24,,,,,,,,
Summary June 18-19,,,,,,,,
Summary June 5-6,,,,,,,,
Summary June 6,,,,,,,,
Summary of April 12,,,,,,,,
Summary of April 13,,,,,,,,
Summary of April 21,,,,,,,,
Summary of April 27,,,,,,,,
Summary of April 3rd,,,,,,,,
Summary of August 1,,,,,,,,
Summary of July 11,,,,,,,,
Summary of July 2,,,,,,,,
Summary of July 22,,,,,,,,
Summary of July 26,,,,,,,,
Summary of July 29,,,,,,,,
Summary of July 3,,,,,,,,
Summary of June 10,,,,,,,,
Summary of June 11,,,,,,,,
Summary of June 12,,,,,,,,
Summary of June 13,,,,,,,,
Summary of June 15,,,,,,,,
Summary of June 16,,,,,,,,
Summary of June 18,,,,,,,,
Summary of June 23,,,,,,,,
Summary of June 24,,,,,,,,
Summary of June 3,,,,,,,,
Summary of June 30,,,,,,,,
Summary of June 4,,,,,,,,
Summary of June 6,,,,,,,,
Summary of March 14,,,,,,,,
Summary of March 23,,,,,,,,
Summary of March 24,,,,,,,,
SUMMARY OF MARCH 24-2,,,,,,,,
SUMMARY OF MARCH 27,,,,,,,,
SUMMARY OF MARCH 29,,,,,,,,
Summary of May 10,,,,,,,,
Summary of May 13,,,,,,,,
Summary of May 14,,,,,,,,
Summary of May 22 am,,,,,,,,
Summary of May 22 pm,,,,,,,,
Summary of May 22,,,,,,,,
Summary of May 26 am,,,,,,,,
Summary of May 26 pm,,,,,,,,
Summary of May 31 am,,,,,,,,
Summary of May 31 pm,,,,,,,,
Summary of May 9-10,,,,,,,,
Summary Sept. 25-26,,,,,,,,
Summary September 20,,,,,,,,
Summary September 23,,,,,,,,
Summary September 3,,,,,,,,
Summary September 4,,,,,,,,
Summary: Nov. 16,,,,,,,,
Summary: Nov. 6-7,,,,,,,,
Summary: Oct. 20-21,,,,,,,,
Summary: October 31,,,,,,,,
Summary: Sept. 18,,,,,,,,
Temperature record,HEAT,,,,,,,
THUDERSTORM WINDS,,THUNDERSTORM,HIGH WINDS,,,,,
THUNDEERSTORM WINDS,,THUNDERSTORM,HIGH WINDS,,,,,
THUNDERESTORM WINDS,,THUNDERSTORM,HIGH WINDS,,,,,
Thundersnow shower,,THUNDERSNOW,,,,,,
THUNDERSNOW,,THUNDERSNOW,,,,,,
THUNDERSTORM  WINDS,,THUNDERSTORM,HIGH WINDS,,,,,
THUNDERSTORM DAMAGE T,,THUNDERSTORM,,,,,,
THUNDERSTORM DAMAGE,,THUNDERSTORM,,,,,,
THUNDERSTORM HAIL,,THUNDERSTORM,WIND,,,,,
THUNDERSTORM W INDS,,THUNDERSTORM,HIGH WINDS,,,,,
THUNDERSTORM WIND (G40),,THUNDERSTORM,HIGH WINDS,,,,,
THUNDERSTORM WIND 50,,THUNDERSTORM,HIGH WINDS,,,,,
THUNDERSTORM WIND 52,,THUNDERSTORM,HIGH WINDS,,,,,
THUNDERSTORM WIND 56,,THUNDERSTORM,HIGH WINDS,,,,,
THUNDERSTORM WIND 59 MPH,,THUNDERSTORM,HIGH WINDS,,,,,
THUNDERSTORM WIND 59 MPH.,,THUNDERSTORM,HIGH WINDS,,,,,
THUNDERSTORM WIND 59,,THUNDERSTORM,HIGH WINDS,,,,,
THUNDERSTORM WIND 60,,THUNDERSTORM,HIGH WINDS,,,,,
THUNDERSTORM WIND 65 MPH,,THUNDERSTORM,HIGH WINDS,,,,,
THUNDERSTORM WIND 65MPH,,THUNDERSTORM,HIGH WINDS,,,,,
THUNDERSTORM WIND 69,,THUNDERSTORM,HIGH WINDS,,,,,
THUNDERSTORM WIND 98 MPH,,THUNDERSTORM,HIGH WINDS,,,,,
THUNDERSTORM WIND G50,,THUNDERSTORM,HIGH WINDS,,,,,
THUNDERSTORM WIND G51,,THUNDERSTORM,HIGH WINDS,,,,,
THUNDERSTORM WIND G52,,THUNDERSTORM,HIGH WINDS,,,,,
THUNDERSTORM WIND G55,,THUNDERSTORM,HIGH WINDS,,,,,
THUNDERSTORM WIND G60,,THUNDERSTORM,HIGH WINDS,,,,,
THUNDERSTORM WIND G61,,THUNDERSTORM,HIGH WINDS,,,,,
THUNDERSTORM WIND TREES,,THUNDERSTORM,HIGH WINDS,,,,,
THUNDERSTORM WIND,,THUNDERSTORM,HIGH WINDS,,,,,
Thunderstorm Wind,,THUNDERSTORM,HIGH WINDS,,,,,
THUNDERSTORM WIND.,,THUNDERSTORM,WIND,,,,,
THUNDERSTORM WIND/ TREE,,THUNDERSTORM,WIND,,,,,
THUNDERSTORM WIND/ TREES,,THUNDERSTORM,WIND,,,,,
THUNDERSTORM WIND/AWN,,THUNDERSTORM,WIND,,,,,
THUNDERSTORM WIND/HAIL,,THUNDERSTORM,WIND,,,,,
THUNDERSTORM WIND/LIGHTNING,,THUNDERSTORM,WIND,LIGHTNING,,,,
THUNDERSTORM WINDS      LE CEN,,THUNDERSTORM,HIGH WINDS,,,,,
THUNDERSTORM WINDS 13,,THUNDERSTORM,WIND,,,,,
THUNDERSTORM WINDS 2,,THUNDERSTORM,WIND,,,,,
THUNDERSTORM WINDS 50,,THUNDERSTORM,HIGH WINDS,,,,,
THUNDERSTORM WINDS 52,,THUNDERSTORM,HIGH WINDS,,,,,
THUNDERSTORM WINDS 53,,THUNDERSTORM,HIGH WINDS,,,,,
THUNDERSTORM WINDS 60,,THUNDERSTORM,HIGH WINDS,,,,,
THUNDERSTORM WINDS 61,,THUNDERSTORM,HIGH WINDS,,,,,
THUNDERSTORM WINDS 62,,THUNDERSTORM,HIGH WINDS,,,,,
THUNDERSTORM WINDS 63 MPH,,THUNDERSTORM,HIGH WINDS,,,,,
THUNDERSTORM WINDS AND,,THUNDERSTORM,HIGH WINDS,,,,,
THUNDERSTORM WINDS FU,,THUNDERSTORM,HIGH WINDS,,,,,
THUNDERSTORM WINDS G,,THUNDERSTORM,HIGH WINDS,,,,,
THUNDERSTORM WINDS G60,,THUNDERSTORM,HIGH WINDS,,,,,
THUNDERSTORM WINDS HA,,THUNDERSTORM,WIND,,,,,
THUNDERSTORM WINDS HEAVY RAIN,,THUNDERSTORM,WIND,,,,,
THUNDERSTORM WINDS LIGHTNING,,THUNDERSTORM,WIND,LIGHTNING,,,,
THUNDERSTORM WINDS SM,,THUNDERSTORM,HIGH WINDS,,,,,
THUNDERSTORM WINDS URBAN FLOOD,,THUNDERSTORM,WIND,,URBAN FLOOD,,,
THUNDERSTORM WINDS,,THUNDERSTORM,WIND,,,,,
THUNDERSTORM WINDS.,,THUNDERSTORM,WIND,,,,,
THUNDERSTORM WINDS/ F,,THUNDERSTORM,WIND,,,,,
THUNDERSTORM WINDS/ HAIL,,THUNDERSTORM,WIND,,,,,
THUNDERSTORM WINDS/FL,,THUNDERSTORM,WIND,,,,,
THUNDERSTORM WINDS/FLASH FLOOD,,THUNDERSTORM,WIND,,FLASH FLOOD,,,
THUNDERSTORM WINDS/FUNNEL CLOU,,THUNDERSTORM,WIND,,,,,
THUNDERSTORM WINDS/HAIL,,THUNDERSTORM,WIND,,,,,
THUNDERSTORM WINDS/HE,,THUNDERSTORM,WIND,,,,,
THUNDERSTORM WINDS53,,THUNDERSTORM,WIND,,,,,
THUNDERSTORM WINDSHAIL,,THUNDERSTORM,WIND,,,,,
THUNDERSTORM WINDSS,,THUNDERSTORM,WIND,,,,,
THUNDERSTORM WINS,,THUNDERSTORM,WIND,,,,,
THUNDERSTORM,,THUNDERSTORM,,,,,,
THUNDERSTORMS WIND,,THUNDERSTORM,WIND,,,,,
THUNDERSTORMS WINDS,,THUNDERSTORM,WIND,,,,,
THUNDERSTORMS,,THUNDERSTORM,,,,,,
THUNDERSTORMW 50,,THUNDERSTORM,WIND,,,,,
THUNDERSTORMW WINDS,,THUNDERSTORM,WIND,,,,,
THUNDERSTORMW,,THUNDERSTORM,WIND,,,,,
THUNDERSTORMWINDS,,THUNDERSTORM,WIND,,,,,
THUNDERSTROM WIND,,THUNDERSTORM,WIND,,,,,
THUNDERSTROM WINDS,,THUNDERSTORM,WIND,,,,,
THUNDERTORM WINDS,,THUNDERSTORM,WIND,,,,,
THUNDERTSORM WIND,,THUNDERSTORM,WIND,,,,,
THUNDESTORM WINDS,,THUNDERSTORM,WIND,,,,,
THUNERSTORM WINDS,,THUNDERSTORM,WIND,,,,,
TIDAL FLOOD,,,,,COASTAL FLOOD,HIGH TIDE,,
Tidal Flooding,,,,,COASTAL FLOOD,HIGH TIDE,,
TIDAL FLOODING,,,,,COASTAL FLOOD,HIGH TIDE,,
TORNADO DEBRIS,,,TORNADO,,,,,
TORNADO F0,,,TORNADO,,,,,
TORNADO F1,,,TORNADO,,,,,
TORNADO F2,,,TORNADO,,,,,
TORNADO F3,,,TORNADO,,,,,
TORNADO,,,TORNADO,,,,,
TORNADO/WATERSPOUT,,,TORNADO,,,WATERSPOUT,,
TORNADOES,,,TORNADO,,,,,
"TORNADOES, TSTM WIND, HAIL",,THUNDERSTORM,TORNADO,,,,,
TORNADOS,,,TORNADO,,,,,
TORNDAO,,,TORNADO,,,,,
TORRENTIAL RAIN,,TORRENTIAL RAIN,,,,,,
Torrential Rainfall,,TORRENTIAL RAIN,,,,,,
TROPICAL DEPRESSION,,TROPICAL DEPRESSION,,,,,,
TROPICAL STORM ALBERT,,TROPICAL STORM,,,,,,
TROPICAL STORM DEAN,,TROPICAL STORM,,,,,,
TROPICAL STORM GORDON,,TROPICAL STORM,,,,,,
TROPICAL STORM JERRY,,TROPICAL STORM,,,,,,
TROPICAL STORM,,TROPICAL STORM,,,,,,
TSTM HEAVY RAIN,,THUNDERSTORM,,,,,,
TSTM WIND  (G45),,THUNDERSTORM,WIND,,,,,
TSTM WIND (41),,THUNDERSTORM,WIND,,,,,
TSTM WIND (G35),,THUNDERSTORM,WIND,,,,,
TSTM WIND (G40),,THUNDERSTORM,WIND,,,,,
TSTM WIND (G45),,THUNDERSTORM,WIND,,,,,
TSTM WIND 40,,THUNDERSTORM,WIND,,,,,
TSTM WIND 45,,THUNDERSTORM,WIND,,,,,
TSTM WIND 50,,THUNDERSTORM,WIND,,,,,
TSTM WIND 51,,THUNDERSTORM,WIND,,,,,
TSTM WIND 52,,THUNDERSTORM,WIND,,,,,
TSTM WIND 55,,THUNDERSTORM,WIND,,,,,
TSTM WIND 65),,THUNDERSTORM,WIND,,,,,
TSTM WIND AND LIGHTNING,,THUNDERSTORM,WIND,LIGHTNING,,,,
TSTM WIND DAMAGE,,THUNDERSTORM,WIND,,,,,
TSTM WIND G45,,THUNDERSTORM,WIND,,,,,
TSTM WIND G58,,THUNDERSTORM,WIND,,,,,
TSTM WIND,,THUNDERSTORM,WIND,,,,,
Tstm Wind,,THUNDERSTORM,WIND,,,,,
TSTM WIND/HAIL,,THUNDERSTORM,WIND,,,,,
TSTM WINDS,,THUNDERSTORM,WIND,,,,,
TSTM WND,,THUNDERSTORM,WIND,,,,,
TSTM,,THUNDERSTORM,,,,,,
TSTMW,,THUNDERSTORM,,,,,,
TSUNAMI,,,,,,TIDAL WAVE,,
TUNDERSTORM WIND,,THUNDERSTORM,WIND,,,,,
TYPHOON,,TYPHOON,,,,,,
Unseasonable Cold,UNSEASONABLE COLD,,,,,,,
UNSEASONABLY COLD,UNSEASONABLE COLD,,,,,,,
UNSEASONABLY COOL & WET,UNSEASONABLE COOL,,,,,,,
UNSEASONABLY COOL,UNSEASONABLE COOL,,,,,,,
UNSEASONABLY DRY,,UNSEASONABLE DRY,,,,,,
UNSEASONABLY HOT,UNSEASONABLE HOT,,,,,,,
UNSEASONABLY WARM & WET,UNSEASONABLE WARM,,,,,,,
UNSEASONABLY WARM AND,UNSEASONABLE WARM,,,,,,,
UNSEASONABLY WARM YEAR,UNSEASONABLE WARM,,,,,,,
UNSEASONABLY WARM,UNSEASONABLE WARM,,,,,,,
UNSEASONABLY WARM/WET,UNSEASONABLE WARM,,,,,,,
UNSEASONABLY WET,,UNESASONABLE WET,,,,,,
UNSEASONAL LOW TEMP,UNSEASONABLE COOL,,,,,,,
UNSEASONAL RAIN,,UNESASONABLE WET,,,,,,
UNUSUAL WARMTH,UNSEASONABLE WARM,,,,,,,
UNUSUAL/RECORD WARMTH,UNSEASONABLE WARM,,,,,,,
UNUSUALLY COLD,UNSEASONABLE COLD,,,,,,,
UNUSUALLY LATE SNOW,,UNSEASONABLE SNOW,,,,,,
UNUSUALLY WARM,UNSEASONABLE WARM,,,,,,,
URBAN AND SMALL STREA,,,,,URBAN FLOOD,,,
URBAN AND SMALL STREAM FLOOD,,,,,URBAN FLOOD,,,
URBAN AND SMALL STREAM FLOODIN,,,,,URBAN FLOOD,,,
URBAN AND SMALL,,,,,URBAN FLOOD,,,
URBAN FLOOD LANDSLIDE,,,,,URBAN FLOOD,,LANDSLIDE,
Urban Flood,,,,,URBAN FLOOD,,,
URBAN FLOOD,,,,,URBAN FLOOD,,,
Urban flood,,,,,URBAN FLOOD,,,
Urban Flooding,,,,,URBAN FLOOD,,,
URBAN FLOODING,,,,,URBAN FLOOD,,,
URBAN FLOODS,,,,,URBAN FLOOD,,,
URBAN SMALL STREAM FLOOD,,,,,URBAN FLOOD,,,
URBAN SMALL,,,,,URBAN FLOOD,,,
URBAN/SMALL FLOODING,,,,,URBAN FLOOD,,,
URBAN/SMALL STREAM  F,,,,,URBAN FLOOD,,,
URBAN/SMALL STREAM FLOOD,,,,,URBAN FLOOD,,,
URBAN/SMALL STREAM FLOODING,,,,,URBAN FLOOD,,,
URBAN/SMALL STREAM,,,,,URBAN FLOOD,,,
URBAN/SMALL STRM FLDG,,,,,URBAN FLOOD,,,
URBAN/SMALL,,,,,URBAN FLOOD,,,
URBAN/SML STREAM FLD,,,,,URBAN FLOOD,,,
URBAN/SML STREAM FLDG,,,,,URBAN FLOOD,,,
URBAN/STREET FLOODING,,,,,URBAN FLOOD,,,
VERY DRY,,DRY,,,,,,
VERY WARM,HEAT,,,,,,,
VOG,,VOLCANIC SMOG,,,,,,
Volcanic Ash Plume,,VOLCANIC ASH,,,,,,
Volcanic Ash,,VOLCANIC ASH,,,,,,
VOLCANIC ASH,,VOLCANIC ASH,,,,,,
VOLCANIC ASHFALL,,VOLCANIC ASH,,,,,,
VOLCANIC ERUPTION,,VOLCANIC ERUPTION,,,,,,
WAKE LOW WIND,,,WAKE LOW WIND,,,,,
WALL CLOUD,,TORNADO,,,,,,
WALL CLOUD/FUNNEL CLOUD,,TORNADO,,,,,,
WARM DRY CONDITIONS,WARM,DRY,,,,,,
WARM WEATHER,WARM,,,,,,,
WATER SPOUT,,,,,,WATERSPOUT,,
WATERSPOUT FUNNEL CLO,,,,,,WATERSPOUT,,
WATERSPOUT TORNADO,,,TORNADO,,,WATERSPOUT,,
WATERSPOUT,,,,,,WATERSPOUT,,
WATERSPOUT-,,,,,,WATERSPOUT,,
WATERSPOUT/ TORNADO,,,TORNADO,,,WATERSPOUT,,
WATERSPOUT/,,,,,,WATERSPOUT,,
WATERSPOUT/TORNADO,,,TORNADO,,,WATERSPOUT,,
WATERSPOUTS,,,,,,WATERSPOUT,,
WATERSPOUT-TORNADO,,,TORNADO,,,WATERSPOUT,,
WAYTERSPOUT,,,,,,WATERSPOUT,,
wet micoburst,,WET,MICROBURST,,,,,
WET MICROBURST,,WET,MICROBURST,,,,,
Wet Month,,WET,,,,,,
WET SNOW,,WET SNOW,,,,,,
WET WEATHER,,WET,,,,,,
Wet Year,,WET,,,,,,
Whirlwind,,,WHIRLWIND,,,,,
WHIRLWIND,,,WHIRLWIND,,,,,
WILD FIRES,,,,,,,,WILD FIRE
WILD/FOREST FIRE,,,,,,,,WILD FIRE
WILD/FOREST FIRES,,,,,,,,WILD FIRE
WILDFIRE,,,,,,,,WILD FIRE
WILDFIRES,,,,,,,,WILD FIRE
WIND ADVISORY,,,WIND,,,,,
WIND AND WAVE,,,,,,HIGH SURF,,
WIND CHILL,WIND CHILL,,,,,,,
WIND CHILL/HIGH WIND,WIND CHILL,,HIGH WINDS,,,,,
Wind Damage,,,WIND,,,,,
WIND DAMAGE,,,WIND,,,,,
WIND GUSTS,,,WIND,,,,,
WIND STORM,,,WIND,,,,,
Wind,,,WIND,,,,,
WIND,,,WIND,,,,,
WIND/HAIL,,HAIL,WIND,,,,,
WINDS,,,WIND,,,,,
WINTER MIX,,WINTER MIX,,,,,,
WINTER STORM HIGH WINDS,,WINTER STORM,HIGH WINDS,,,,,
WINTER STORM,,WINTER STORM,,,,,,
WINTER STORM/HIGH WIN,,WINTER STORM,HIGH WINDS,,,,,
WINTER STORM/HIGH WIND,,WINTER STORM,HIGH WINDS,,,,,
WINTER STORMS,,WINTER STORM,,,,,,
WINTER WEATHER MIX,,WINTER WEATHER,,,,,,
Winter Weather,,WINTER WEATHER,,,,,,
WINTER WEATHER,,WINTER WEATHER,,,,,,
WINTER WEATHER/MIX,,WINTER WEATHER,,,,,,
WINTERY MIX,,WINTRY MIX,,,,,,
Wintry mix,,WINTRY MIX,,,,,,
Wintry Mix,,WINTRY MIX,,,,,,
WINTRY MIX,,WINTRY MIX,,,,,,
WND,,,WIND,,,,,
